"id","category","brand","model","name"
10576,"cpus","AMD","AMD Ryzen 5 5600X","AMD Ryzen 5 5600X"
10577,"cpus","AMD","AMD Ryzen 7 5800X3D","AMD Ryzen 7 5800X3D"
10578,"cpus","AMD","AMD Ryzen 5 7600","AMD Ryzen 5 7600"
10579,"cpus","AMD","AMD Ryzen 5 7600X","AMD Ryzen 5 7600X"
10580,"cpus","AMD","AMD Ryzen 7 7700","AMD Ryzen 7 7700"
10581,"cpus","AMD","AMD Ryzen 7 7800X3D","AMD Ryzen 7 7800X3D"
10582,"cpus","AMD","AMD Ryzen 9 7900","AMD Ryzen 9 7900"
10583,"cpus","AMD","AMD Ryzen 9 7900X","AMD Ryzen 9 7900X"
10584,"cpus","AMD","AMD Ryzen 9 7900X3D","AMD Ryzen 9 7900X3D"
10585,"cpus","AMD","AMD Ryzen 9 7950X","AMD Ryzen 9 7950X"
10586,"cpus","AMD","AMD Ryzen 7 8700G","AMD Ryzen 7 8700G"
10587,"cpus","AMD","AMD Ryzen 5 8500G","AMD Ryzen 5 8500G"
10588,"cpus","AMD","AMD Ryzen 7 9700X","AMD Ryzen 7 9700X"
10589,"cpus","AMD","AMD Ryzen 9 9900X","AMD Ryzen 9 9900X"
10590,"cpus","AMD","AMD Ryzen 9 9950X","AMD Ryzen 9 9950X"
10591,"cpus","Intel","Intel Core i3-12100F","Intel Core i3-12100F"
10592,"cpus","Intel","Intel Core i5-12400F","Intel Core i5-12400F"
10593,"cpus","Intel","Intel Core i5-12600K","Intel Core i5-12600K"
10594,"cpus","Intel","Intel Core i5-13400F","Intel Core i5-13400F"
10595,"cpus","Intel","Intel Core i5-13600K","Intel Core i5-13600K"
10596,"cpus","Intel","Intel Core i7-12700K","Intel Core i7-12700K"
10597,"cpus","Intel","Intel Core i7-13700K","Intel Core i7-13700K"
10598,"cpus","Intel","Intel Core i7-14700K","Intel Core i7-14700K"
10599,"cpus","Intel","Intel Core i9-12900K","Intel Core i9-12900K"
10600,"cpus","Intel","Intel Core i9-13900K","Intel Core i9-13900K"
10601,"cpus","Intel","Intel Core i9-14900K","Intel Core i9-14900K"
10602,"cpus","Intel","Intel Core Ultra 5 245K","Intel Core Ultra 5 245K"
10603,"cpus","Intel","Intel Core Ultra 7 265K","Intel Core Ultra 7 265K"
10604,"cpus","Intel","Intel Core Ultra 9 285K","Intel Core Ultra 9 285K"
10605,"cpus","Intel","Intel Xeon E-2388G","Intel Xeon E-2388G"
10606,"cpus","AMD","AMD Ryzen 5 5500","AMD Ryzen 5 5500"
10607,"cpus","AMD","AMD Ryzen 5 5600","AMD Ryzen 5 5600"
10608,"cpus","AMD","AMD Ryzen 7 5700X","AMD Ryzen 7 5700X"
10609,"cpus","AMD","AMD Ryzen 9 5950X","AMD Ryzen 9 5950X"
10610,"cpus","AMD","AMD Ryzen 7 5800X","AMD Ryzen 7 5800X"
10611,"cpus","Intel","Intel Core i3-13100F","Intel Core i3-13100F"
10612,"cpus","Intel","Intel Core i5-14400F","Intel Core i5-14400F"
10613,"cpus","Intel","Intel Core i5-14500","Intel Core i5-14500"
10614,"cpus","Intel","Intel Core i7-14700F","Intel Core i7-14700F"
10615,"cpus","Intel","Intel Core i9-14900KF","Intel Core i9-14900KF"
10616,"cpus","Intel","Intel Core Ultra 5 225F","Intel Core Ultra 5 225F"
10619,"cpus","AMD","AMD Ryzen 7 9800X3D","AMD Ryzen 7 9800X3D"
10620,"cpus","AMD","AMD Ryzen 9 9900X3D","AMD Ryzen 9 9900X3D"
10621,"motherboards","ASUS","ASUS ROG Strix B550-F Gaming WiFi II","ASUS ROG Strix B550-F Gaming WiFi II"
10622,"motherboards","ASUS","ASUS TUF Gaming X670E-Plus WiFi","ASUS TUF Gaming X670E-Plus WiFi"
10623,"motherboards","ASUS","ASUS Prime Z790-P WiFi","ASUS Prime Z790-P WiFi"
10624,"motherboards","ASUS","ASUS ROG Maximus Z790 Hero","ASUS ROG Maximus Z790 Hero"
10625,"motherboards","ASUS","ASUS ProArt X670E-Creator WiFi","ASUS ProArt X670E-Creator WiFi"
10626,"motherboards","ASUS","ASUS ROG Strix B760-I Gaming WiFi","ASUS ROG Strix B760-I Gaming WiFi"
10627,"motherboards","ASUS","ASUS TUF Gaming B760-Plus WiFi","ASUS TUF Gaming B760-Plus WiFi"
10628,"motherboards","ASUS","ASUS Prime B650-Plus","ASUS Prime B650-Plus"
10629,"motherboards","MSI","MSI MAG B650 Tomahawk WiFi","MSI MAG B650 Tomahawk WiFi"
10630,"motherboards","MSI","MSI MPG X670E Carbon WiFi","MSI MPG X670E Carbon WiFi"
10631,"motherboards","MSI","MSI PRO Z790-A WiFi","MSI PRO Z790-A WiFi"
10632,"motherboards","MSI","MSI MEG Z790 ACE","MSI MEG Z790 ACE"
10633,"motherboards","MSI","MSI MPG B650I Edge WiFi","MSI MPG B650I Edge WiFi"
10634,"motherboards","MSI","MSI MPG B760I Edge WiFi","MSI MPG B760I Edge WiFi"
10635,"motherboards","MSI","MSI PRO B650M-A WiFi","MSI PRO B650M-A WiFi"
10636,"motherboards","Gigabyte","Gigabyte B650 AORUS Elite AX","Gigabyte B650 AORUS Elite AX"
10637,"motherboards","Gigabyte","Gigabyte X670E AORUS Master","Gigabyte X670E AORUS Master"
10638,"motherboards","Gigabyte","Gigabyte Z790 AORUS Elite AX","Gigabyte Z790 AORUS Elite AX"
10639,"motherboards","Gigabyte","Gigabyte Z790 AORUS Master","Gigabyte Z790 AORUS Master"
10640,"motherboards","Gigabyte","Gigabyte B760M DS3H AX","Gigabyte B760M DS3H AX"
10641,"motherboards","Gigabyte","Gigabyte B550 AORUS Pro V2","Gigabyte B550 AORUS Pro V2"
10642,"motherboards","Gigabyte","Gigabyte X570 AORUS Elite","Gigabyte X570 AORUS Elite"
10643,"motherboards","ASRock","ASRock B650E Steel Legend WiFi","ASRock B650E Steel Legend WiFi"
10644,"motherboards","ASRock","ASRock X670E Taichi","ASRock X670E Taichi"
10645,"motherboards","ASRock","ASRock Z790 PG Lightning","ASRock Z790 PG Lightning"
10646,"motherboards","ASRock","ASRock B760M Pro RS WiFi","ASRock B760M Pro RS WiFi"
10647,"motherboards","ASRock","ASRock B760M Steel Legend WiFi","ASRock B760M Steel Legend WiFi"
10648,"motherboards","ASRock","ASRock B550 Phantom Gaming 4","ASRock B550 Phantom Gaming 4"
10649,"motherboards","Biostar","Biostar B650MT","Biostar B650MT"
10650,"motherboards","ASRock","ASRock X670E PG Lightning","ASRock X670E PG Lightning"
10651,"motherboards","ASUS","ASUS ROG Strix X870E-E Gaming WiFi","ASUS ROG Strix X870E-E Gaming WiFi"
10652,"motherboards","ASUS","ASUS TUF Gaming B650-Plus WiFi","ASUS TUF Gaming B650-Plus WiFi"
10653,"motherboards","ASUS","ASUS Prime A620M-K","ASUS Prime A620M-K"
10654,"motherboards","MSI","MSI MAG X870 Tomahawk WiFi","MSI MAG X870 Tomahawk WiFi"
10655,"motherboards","MSI","MSI PRO B760M-A WiFi DDR4","MSI PRO B760M-A WiFi DDR4"
10656,"motherboards","MSI","MSI PRO A620M-E","MSI PRO A620M-E"
10657,"motherboards","Gigabyte","Gigabyte X870E AORUS Elite WiFi7","Gigabyte X870E AORUS Elite WiFi7"
10658,"motherboards","Gigabyte","Gigabyte B650M DS3H AX","Gigabyte B650M DS3H AX"
10659,"motherboards","Gigabyte","Gigabyte A620M H","Gigabyte A620M H"
10660,"motherboards","ASRock","ASRock B850 Steel Legend WiFi","ASRock B850 Steel Legend WiFi"
10661,"motherboards","ASRock","ASRock A620M-HDV/M.2+","ASRock A620M-HDV/M.2+"
10662,"motherboards","ASRock","ASRock X870 Steel Legend WiFi","ASRock X870 Steel Legend WiFi"
10663,"motherboards","Biostar","Biostar B760MX2-E D4","Biostar B760MX2-E D4"
10664,"motherboards","Colorful","Colorful CVN B650M Gaming Frozen V14","Colorful CVN B650M Gaming Frozen V14"
10665,"motherboards","ASUS","ASUS ROG Strix Z890-E Gaming WiFi","ASUS ROG Strix Z890-E Gaming WiFi"
10666,"pcCases","Corsair","Corsair 4000D Airflow","Corsair 4000D Airflow"
10667,"pcCases","Corsair","Corsair 5000D Airflow","Corsair 5000D Airflow"
10668,"pcCases","Corsair","Corsair 6500D Airflow","Corsair 6500D Airflow"
10669,"pcCases","NZXT","NZXT H5 Flow","NZXT H5 Flow"
10670,"pcCases","NZXT","NZXT H7 Flow","NZXT H7 Flow"
10671,"pcCases","Fractal","Fractal Design Meshify 2 Compact","Fractal Design Meshify 2 Compact"
10672,"pcCases","Fractal","Fractal Design North","Fractal Design North"
10673,"pcCases","Fractal","Fractal Design Pop Air","Fractal Design Pop Air"
10674,"pcCases","be","be quiet! Pure Base 500DX","be quiet! Pure Base 500DX"
10675,"pcCases","be","be quiet! Shadow Base 800 FX","be quiet! Shadow Base 800 FX"
10676,"pcCases","Lian","Lian Li LANCOOL 216","Lian Li LANCOOL 216"
10677,"pcCases","Lian","Lian Li O11 Dynamic EVO","Lian Li O11 Dynamic EVO"
10678,"pcCases","Lian","Lian Li PC-O11 Air Mini","Lian Li PC-O11 Air Mini"
10679,"pcCases","Phanteks","Phanteks Eclipse G360A","Phanteks Eclipse G360A"
10680,"pcCases","Phanteks","Phanteks NV5","Phanteks NV5"
10681,"pcCases","Montech","Montech AIR 903 MAX","Montech AIR 903 MAX"
10682,"pcCases","Montech","Montech KING 95 Pro","Montech KING 95 Pro"
10683,"pcCases","Cooler","Cooler Master TD500 Mesh V2","Cooler Master TD500 Mesh V2"
10684,"pcCases","Cooler","Cooler Master MasterBox NR600","Cooler Master MasterBox NR600"
10685,"pcCases","Thermaltake","Thermaltake Core P3 TG Pro","Thermaltake Core P3 TG Pro"
10686,"pcCases","Thermaltake","Thermaltake S300 TG ARGB","Thermaltake S300 TG ARGB"
10687,"pcCases","DeepCool","DeepCool CH560","DeepCool CH560"
10688,"pcCases","DeepCool","DeepCool CK560","DeepCool CK560"
10689,"pcCases","Antec","Antec DF700 Flux","Antec DF700 Flux"
10690,"pcCases","Antec","Antec NX410","Antec NX410"
10691,"pcCases","ASUS","ASUS TUF Gaming GT502","ASUS TUF Gaming GT502"
10692,"pcCases","Hyte","Hyte Y40","Hyte Y40"
10693,"pcCases","Hyte","Hyte Y60","Hyte Y60"
10694,"pcCases","SilverStone","SilverStone FARA 512Z","SilverStone FARA 512Z"
10695,"pcCases","Jonsbo","Jonsbo D41 Mesh","Jonsbo D41 Mesh"
10696,"pcCases","Corsair","Corsair 3000D Airflow","Corsair 3000D Airflow"
10697,"pcCases","Corsair","Corsair 7000D Airflow","Corsair 7000D Airflow"
10698,"pcCases","NZXT","NZXT H6 Flow","NZXT H6 Flow"
10699,"pcCases","Fractal","Fractal Design Define 7 Compact","Fractal Design Define 7 Compact"
10700,"pcCases","Fractal","Fractal Design Torrent Compact","Fractal Design Torrent Compact"
10701,"pcCases","be","be quiet! Silent Base 802","be quiet! Silent Base 802"
10702,"pcCases","Lian","Lian Li O11 Vision","Lian Li O11 Vision"
10703,"pcCases","Lian","Lian Li LANCOOL 207","Lian Li LANCOOL 207"
10704,"pcCases","Phanteks","Phanteks Eclipse G500A","Phanteks Eclipse G500A"
10705,"pcCases","Montech","Montech AIR 100 ARGB","Montech AIR 100 ARGB"
10706,"pcCases","Cooler","Cooler Master HAF 500","Cooler Master HAF 500"
10707,"pcCases","DeepCool","DeepCool MATREXX 55 Mesh","DeepCool MATREXX 55 Mesh"
10708,"pcCases","Thermaltake","Thermaltake View 270 TG ARGB","Thermaltake View 270 TG ARGB"
10709,"pcCases","Antec","Antec P20C","Antec P20C"
10710,"pcCases","Jonsbo","Jonsbo D31 Mesh","Jonsbo D31 Mesh"
10711,"gpus","NVIDIA","NVIDIA GeForce RTX 3050 6GB","NVIDIA GeForce RTX 3050 6GB"
10712,"gpus","NVIDIA","NVIDIA GeForce RTX 3060 12GB","NVIDIA GeForce RTX 3060 12GB"
10713,"gpus","NVIDIA","NVIDIA GeForce RTX 3070 8GB","NVIDIA GeForce RTX 3070 8GB"
10714,"gpus","NVIDIA","NVIDIA GeForce RTX 3080 10GB","NVIDIA GeForce RTX 3080 10GB"
10715,"gpus","NVIDIA","NVIDIA GeForce RTX 3080 Ti 12GB","NVIDIA GeForce RTX 3080 Ti 12GB"
10716,"gpus","NVIDIA","NVIDIA GeForce RTX 3090 24GB","NVIDIA GeForce RTX 3090 24GB"
10717,"gpus","NVIDIA","NVIDIA GeForce RTX 4060 8GB","NVIDIA GeForce RTX 4060 8GB"
10718,"gpus","NVIDIA","NVIDIA GeForce RTX 4060 Ti 8GB","NVIDIA GeForce RTX 4060 Ti 8GB"
10719,"gpus","NVIDIA","NVIDIA GeForce RTX 4070 12GB","NVIDIA GeForce RTX 4070 12GB"
10720,"gpus","NVIDIA","NVIDIA GeForce RTX 4070 SUPER 12GB","NVIDIA GeForce RTX 4070 SUPER 12GB"
10721,"gpus","NVIDIA","NVIDIA GeForce RTX 4070 Ti SUPER 16GB","NVIDIA GeForce RTX 4070 Ti SUPER 16GB"
10722,"gpus","NVIDIA","NVIDIA GeForce RTX 4080 SUPER 16GB","NVIDIA GeForce RTX 4080 SUPER 16GB"
10723,"gpus","NVIDIA","NVIDIA GeForce RTX 4090 24GB","NVIDIA GeForce RTX 4090 24GB"
10724,"gpus","AMD","AMD Radeon RX 6600","AMD Radeon RX 6600"
10725,"gpus","AMD","AMD Radeon RX 6600 XT","AMD Radeon RX 6600 XT"
10726,"gpus","AMD","AMD Radeon RX 6650 XT","AMD Radeon RX 6650 XT"
10727,"gpus","AMD","AMD Radeon RX 6700 XT","AMD Radeon RX 6700 XT"
10728,"gpus","AMD","AMD Radeon RX 6750 XT","AMD Radeon RX 6750 XT"
10729,"gpus","AMD","AMD Radeon RX 6800","AMD Radeon RX 6800"
10730,"gpus","AMD","AMD Radeon RX 6800 XT","AMD Radeon RX 6800 XT"
10731,"gpus","AMD","AMD Radeon RX 6900 XT","AMD Radeon RX 6900 XT"
10732,"gpus","AMD","AMD Radeon RX 7600","AMD Radeon RX 7600"
10733,"gpus","AMD","AMD Radeon RX 7600 XT","AMD Radeon RX 7600 XT"
10734,"gpus","AMD","AMD Radeon RX 7700 XT","AMD Radeon RX 7700 XT"
10735,"gpus","AMD","AMD Radeon RX 7800 XT","AMD Radeon RX 7800 XT"
10736,"gpus","AMD","AMD Radeon RX 7900 GRE","AMD Radeon RX 7900 GRE"
10737,"gpus","AMD","AMD Radeon RX 7900 XT","AMD Radeon RX 7900 XT"
10738,"gpus","AMD","AMD Radeon RX 7900 XTX","AMD Radeon RX 7900 XTX"
10739,"gpus","Intel","Intel Arc A580","Intel Arc A580"
10740,"gpus","Intel","Intel Arc A770","Intel Arc A770"
10741,"gpus","NVIDIA","NVIDIA GeForce GTX 1660 SUPER","NVIDIA GeForce GTX 1660 SUPER"
10742,"gpus","NVIDIA","NVIDIA GeForce RTX 2060 SUPER","NVIDIA GeForce RTX 2060 SUPER"
10743,"gpus","NVIDIA","NVIDIA GeForce RTX 4070 Ti","NVIDIA GeForce RTX 4070 Ti"
10744,"gpus","NVIDIA","NVIDIA GeForce RTX 2080 Ti","NVIDIA GeForce RTX 2080 Ti"
10745,"gpus","NVIDIA","NVIDIA GeForce RTX 4060 Ti 16GB","NVIDIA GeForce RTX 4060 Ti 16GB"
10746,"gpus","AMD","AMD Radeon RX 6500 XT","AMD Radeon RX 6500 XT"
10747,"gpus","AMD","AMD Radeon RX 7600 16GB","AMD Radeon RX 7600 16GB"
10748,"gpus","AMD","AMD Radeon RX 7700 16GB","AMD Radeon RX 7700 16GB"
10749,"gpus","AMD","AMD Radeon RX 7900 XT LC","AMD Radeon RX 7900 XT LC"
10750,"gpus","Intel","Intel Arc A750","Intel Arc A750"
10751,"gpus","Intel","Intel Arc B580","Intel Arc B580"
10752,"gpus","NVIDIA","NVIDIA GeForce RTX 4050","NVIDIA GeForce RTX 4050"
10753,"gpus","NVIDIA","NVIDIA GeForce RTX 4080","NVIDIA GeForce RTX 4080"
10754,"gpus","NVIDIA","NVIDIA GeForce RTX 4090 D","NVIDIA GeForce RTX 4090 D"
10755,"gpus","AMD","AMD Radeon PRO W7800","AMD Radeon PRO W7800"
10756,"rams","Corsair","Corsair Vengeance LPX 16GB DDR4-3200","Corsair Vengeance LPX 16GB DDR4-3200"
10757,"rams","Corsair","Corsair Vengeance LPX 32GB DDR4-3600","Corsair Vengeance LPX 32GB DDR4-3600"
10758,"rams","Corsair","Corsair Vengeance RGB Pro 32GB DDR4-3600","Corsair Vengeance RGB Pro 32GB DDR4-3600"
10759,"rams","Corsair","Corsair Dominator Titanium 32GB DDR5-6000","Corsair Dominator Titanium 32GB DDR5-6000"
10760,"rams","G.Skill","G.Skill Aegis 16GB DDR4-3200","G.Skill Aegis 16GB DDR4-3200"
10761,"rams","G.Skill","G.Skill Ripjaws V 16GB DDR4-3600","G.Skill Ripjaws V 16GB DDR4-3600"
10762,"rams","G.Skill","G.Skill Ripjaws S5 32GB DDR5-6000","G.Skill Ripjaws S5 32GB DDR5-6000"
10763,"rams","G.Skill","G.Skill Flare X5 32GB DDR5-6000","G.Skill Flare X5 32GB DDR5-6000"
10764,"rams","G.Skill","G.Skill Trident Z5 Neo 32GB DDR5-6000","G.Skill Trident Z5 Neo 32GB DDR5-6000"
10765,"rams","G.Skill","G.Skill Trident Z5 RGB 64GB DDR5-6400","G.Skill Trident Z5 RGB 64GB DDR5-6400"
10766,"rams","Kingston","Kingston ValueRAM 16GB DDR4-2666","Kingston ValueRAM 16GB DDR4-2666"
10767,"rams","Kingston","Kingston Fury Beast 16GB DDR4-3200","Kingston Fury Beast 16GB DDR4-3200"
10768,"rams","Kingston","Kingston Fury Beast 32GB DDR5-5600","Kingston Fury Beast 32GB DDR5-5600"
10769,"rams","Kingston","Kingston Fury Impact 32GB DDR5-5600","Kingston Fury Impact 32GB DDR5-5600"
10770,"rams","Kingston","Kingston Fury Renegade 32GB DDR5-6000","Kingston Fury Renegade 32GB DDR5-6000"
10771,"rams","Crucial","Crucial Ballistix 32GB DDR4-3600","Crucial Ballistix 32GB DDR4-3600"
10772,"rams","Crucial","Crucial Pro 16GB DDR5-5600","Crucial Pro 16GB DDR5-5600"
10773,"rams","Crucial","Crucial Pro Overclocking 32GB DDR5-6400","Crucial Pro Overclocking 32GB DDR5-6400"
10774,"rams","Crucial","Crucial DDR5 Pro 64GB DDR5-5600","Crucial DDR5 Pro 64GB DDR5-5600"
10775,"rams","TeamGroup","TeamGroup T-Force Delta RGB 32GB DDR5-6000","TeamGroup T-Force Delta RGB 32GB DDR5-6000"
10776,"rams","TeamGroup","TeamGroup T-Create Classic 64GB DDR5-5600","TeamGroup T-Create Classic 64GB DDR5-5600"
10777,"rams","TeamGroup","TeamGroup Elite 16GB DDR4-3200","TeamGroup Elite 16GB DDR4-3200"
10778,"rams","Patriot","Patriot Viper Steel 16GB DDR4-3600","Patriot Viper Steel 16GB DDR4-3600"
10779,"rams","Patriot","Patriot Viper Venom 32GB DDR5-6200","Patriot Viper Venom 32GB DDR5-6200"
10780,"rams","Patriot","Patriot Signature Line 32GB DDR4-3200","Patriot Signature Line 32GB DDR4-3200"
10781,"rams","ADATA","ADATA XPG Lancer 32GB DDR5-6000","ADATA XPG Lancer 32GB DDR5-6000"
10782,"rams","ADATA","ADATA XPG Lancer Blade 32GB DDR5-6000","ADATA XPG Lancer Blade 32GB DDR5-6000"
10783,"rams","ADATA","ADATA XPG Spectrix D50 16GB DDR4-3600","ADATA XPG Spectrix D50 16GB DDR4-3600"
10784,"rams","Lexar","Lexar Thor 32GB DDR5-6000","Lexar Thor 32GB DDR5-6000"
10785,"rams","Corsair","Corsair Vengeance SODIMM 32GB DDR5-4800","Corsair Vengeance SODIMM 32GB DDR5-4800"
10786,"rams","Corsair","Corsair Vengeance 64GB DDR5-6000","Corsair Vengeance 64GB DDR5-6000"
10787,"rams","G.Skill","G.Skill Ripjaws M5 RGB 32GB DDR5-6000","G.Skill Ripjaws M5 RGB 32GB DDR5-6000"
10788,"rams","G.Skill","G.Skill Trident Z Royal Neo 32GB DDR5-6000","G.Skill Trident Z Royal Neo 32GB DDR5-6000"
10789,"rams","Kingston","Kingston Fury Beast RGB 64GB DDR5-6000","Kingston Fury Beast RGB 64GB DDR5-6000"
10790,"rams","Kingston","Kingston Fury Impact 64GB DDR5-5600","Kingston Fury Impact 64GB DDR5-5600"
10791,"rams","Crucial","Crucial 32GB DDR5-5200","Crucial 32GB DDR5-5200"
10792,"rams","Crucial","Crucial Pro 64GB DDR5-6000","Crucial Pro 64GB DDR5-6000"
10793,"rams","TeamGroup","TeamGroup T-Force Vulcan 32GB DDR5-5600","TeamGroup T-Force Vulcan 32GB DDR5-5600"
10794,"rams","TeamGroup","TeamGroup T-Force Xtreem ARGB 32GB DDR5-7000","TeamGroup T-Force Xtreem ARGB 32GB DDR5-7000"
10795,"rams","Patriot","Patriot Viper Venom RGB 32GB DDR5-6400","Patriot Viper Venom RGB 32GB DDR5-6400"
10796,"rams","ADATA","ADATA XPG Caster 32GB DDR5-6400","ADATA XPG Caster 32GB DDR5-6400"
10797,"rams","Lexar","Lexar Ares RGB 32GB DDR5-6000","Lexar Ares RGB 32GB DDR5-6000"
10798,"rams","Corsair","Corsair Vengeance RGB 16GB DDR4-3200","Corsair Vengeance RGB 16GB DDR4-3200"
10799,"rams","G.Skill","G.Skill Aegis 32GB DDR4-3200","G.Skill Aegis 32GB DDR4-3200"
10800,"rams","Micron","Micron Crucial Pro 32GB DDR5-5600","Micron Crucial Pro 32GB DDR5-5600"
10801,"psus","Corsair","Corsair RM550e","Corsair RM550e"
10802,"psus","Corsair","Corsair RM650e","Corsair RM650e"
10803,"psus","Corsair","Corsair RM750e","Corsair RM750e"
10804,"psus","Corsair","Corsair RM850e","Corsair RM850e"
10805,"psus","Corsair","Corsair RM1000e","Corsair RM1000e"
10806,"psus","Corsair","Corsair HX1200i","Corsair HX1200i"
10807,"psus","Corsair","Corsair RM1200x Shift","Corsair RM1200x Shift"
10808,"psus","Seasonic","Seasonic Focus GX-650","Seasonic Focus GX-650"
10809,"psus","Seasonic","Seasonic Focus GX-750","Seasonic Focus GX-750"
10810,"psus","Seasonic","Seasonic Focus GX-850","Seasonic Focus GX-850"
10811,"psus","Seasonic","Seasonic Focus PX-1000","Seasonic Focus PX-1000"
10812,"psus","Seasonic","Seasonic Prime TX-1300","Seasonic Prime TX-1300"
10813,"psus","be","be quiet! Pure Power 12 M 650W","be quiet! Pure Power 12 M 650W"
10814,"psus","be","be quiet! Pure Power 12 M 750W","be quiet! Pure Power 12 M 750W"
10815,"psus","be","be quiet! Pure Power 12 M 850W","be quiet! Pure Power 12 M 850W"
10816,"psus","be","be quiet! Straight Power 12 1000W","be quiet! Straight Power 12 1000W"
10817,"psus","be","be quiet! Dark Power 13 850W","be quiet! Dark Power 13 850W"
10818,"psus","EVGA","EVGA SuperNOVA 650 GT","EVGA SuperNOVA 650 GT"
10819,"psus","EVGA","EVGA SuperNOVA 750 G6","EVGA SuperNOVA 750 G6"
10820,"psus","EVGA","EVGA SuperNOVA 850 P6","EVGA SuperNOVA 850 P6"
10821,"psus","MSI","MSI MPG A750G PCIE5","MSI MPG A750G PCIE5"
10822,"psus","MSI","MSI MPG A1000G PCIE5","MSI MPG A1000G PCIE5"
10823,"psus","Gigabyte","Gigabyte UD850GM","Gigabyte UD850GM"
10824,"psus","Gigabyte","Gigabyte UD1000GM PG5","Gigabyte UD1000GM PG5"
10825,"psus","Cooler","Cooler Master MWE Gold 650 V2","Cooler Master MWE Gold 650 V2"
10826,"psus","Cooler","Cooler Master MWE Gold 750 V2","Cooler Master MWE Gold 750 V2"
10827,"psus","Cooler","Cooler Master MWE Gold 850 V2","Cooler Master MWE Gold 850 V2"
10828,"psus","Thermaltake","Thermaltake Toughpower GF3 750W","Thermaltake Toughpower GF3 750W"
10829,"psus","Thermaltake","Thermaltake Toughpower GF3 850W","Thermaltake Toughpower GF3 850W"
10830,"psus","Thermaltake","Thermaltake Toughpower GF3 1000W","Thermaltake Toughpower GF3 1000W"
10831,"psus","Corsair","Corsair SF750","Corsair SF750"
10832,"psus","Corsair","Corsair SF850L","Corsair SF850L"
10833,"psus","Seasonic","Seasonic Vertex GX-750","Seasonic Vertex GX-750"
10834,"psus","Seasonic","Seasonic Vertex GX-850","Seasonic Vertex GX-850"
10835,"psus","Seasonic","Seasonic Vertex GX-1000","Seasonic Vertex GX-1000"
10836,"psus","be","be quiet! System Power 10 650W","be quiet! System Power 10 650W"
10837,"psus","be","be quiet! Pure Power 11 FM 850W","be quiet! Pure Power 11 FM 850W"
10838,"psus","MSI","MSI MAG A650BN","MSI MAG A650BN"
10839,"psus","MSI","MSI MPG A850G PCIE5","MSI MPG A850G PCIE5"
10840,"psus","Gigabyte","Gigabyte P850GM","Gigabyte P850GM"
10841,"psus","Gigabyte","Gigabyte P750GM","Gigabyte P750GM"
10842,"psus","Super","Super Flower Leadex VII XG 850W","Super Flower Leadex VII XG 850W"
10843,"psus","Super","Super Flower Leadex VII XG 1000W","Super Flower Leadex VII XG 1000W"
10844,"psus","FSP","FSP Hydro G Pro 850W","FSP Hydro G Pro 850W"
10845,"psus","Thermaltake","Thermaltake Toughpower SFX 750W","Thermaltake Toughpower SFX 750W"
10846,"hdds","Seagate","Seagate BarraCuda 1TB","Seagate BarraCuda 1TB"
10847,"hdds","Seagate","Seagate BarraCuda 2TB","Seagate BarraCuda 2TB"
10848,"hdds","Seagate","Seagate BarraCuda 4TB","Seagate BarraCuda 4TB"
10849,"hdds","Seagate","Seagate BarraCuda 6TB","Seagate BarraCuda 6TB"
10850,"hdds","Seagate","Seagate BarraCuda 8TB","Seagate BarraCuda 8TB"
10851,"hdds","Seagate","Seagate IronWolf 2TB","Seagate IronWolf 2TB"
10852,"hdds","Seagate","Seagate IronWolf 4TB","Seagate IronWolf 4TB"
10853,"hdds","Seagate","Seagate IronWolf 6TB","Seagate IronWolf 6TB"
10854,"hdds","Seagate","Seagate IronWolf 8TB","Seagate IronWolf 8TB"
10855,"hdds","Seagate","Seagate IronWolf 10TB","Seagate IronWolf 10TB"
10856,"hdds","WD","WD Blue 1TB","WD Blue 1TB"
10857,"hdds","WD","WD Blue 2TB","WD Blue 2TB"
10858,"hdds","WD","WD Blue 4TB","WD Blue 4TB"
10859,"hdds","WD","WD Blue 6TB","WD Blue 6TB"
10860,"hdds","WD","WD Red Plus 2TB","WD Red Plus 2TB"
10861,"hdds","WD","WD Red Plus 4TB","WD Red Plus 4TB"
10862,"hdds","WD","WD Red Plus 6TB","WD Red Plus 6TB"
10863,"hdds","WD","WD Red Plus 8TB","WD Red Plus 8TB"
10864,"hdds","WD","WD Gold 10TB","WD Gold 10TB"
10865,"hdds","WD","WD Gold 12TB","WD Gold 12TB"
10866,"hdds","Toshiba","Toshiba P300 1TB","Toshiba P300 1TB"
10867,"hdds","Toshiba","Toshiba P300 2TB","Toshiba P300 2TB"
10868,"hdds","Toshiba","Toshiba P300 4TB","Toshiba P300 4TB"
10869,"hdds","Toshiba","Toshiba P300 6TB","Toshiba P300 6TB"
10870,"hdds","Seagate","Seagate Exos X18 12TB","Seagate Exos X18 12TB"
10871,"hdds","Seagate","Seagate Exos X18 16TB","Seagate Exos X18 16TB"
10872,"hdds","WD","WD Purple 2TB","WD Purple 2TB"
10873,"hdds","WD","WD Purple 4TB","WD Purple 4TB"
10874,"hdds","WD","WD Purple 8TB","WD Purple 8TB"
10875,"hdds","HGST","HGST Ultrastar 10TB","HGST Ultrastar 10TB"
10876,"hdds","Seagate","Seagate BarraCuda 12TB","Seagate BarraCuda 12TB"
10877,"hdds","Seagate","Seagate IronWolf Pro 14TB","Seagate IronWolf Pro 14TB"
10878,"hdds","Seagate","Seagate IronWolf Pro 16TB","Seagate IronWolf Pro 16TB"
10879,"hdds","WD","WD Red Pro 10TB","WD Red Pro 10TB"
10880,"hdds","WD","WD Red Pro 12TB","WD Red Pro 12TB"
10881,"hdds","WD","WD Gold 14TB","WD Gold 14TB"
10882,"hdds","Toshiba","Toshiba N300 8TB","Toshiba N300 8TB"
10883,"hdds","Toshiba","Toshiba N300 10TB","Toshiba N300 10TB"
10884,"hdds","HGST","HGST Ultrastar 14TB","HGST Ultrastar 14TB"
10885,"hdds","Seagate","Seagate SkyHawk 6TB","Seagate SkyHawk 6TB"
10886,"hdds","Seagate","Seagate SkyHawk 8TB","Seagate SkyHawk 8TB"
10887,"hdds","WD","WD Purple Pro 10TB","WD Purple Pro 10TB"
10888,"hdds","WD","WD Purple Pro 12TB","WD Purple Pro 12TB"
10889,"hdds","WD","WD Red Plus 10TB","WD Red Plus 10TB"
10890,"hdds","Seagate","Seagate Exos X20 18TB","Seagate Exos X20 18TB"
10891,"ssds","Samsung","Samsung 980 500GB","Samsung 980 500GB"
10892,"ssds","Samsung","Samsung 980 1TB","Samsung 980 1TB"
10893,"ssds","Samsung","Samsung 990 PRO 1TB","Samsung 990 PRO 1TB"
10894,"ssds","Samsung","Samsung 990 PRO 2TB","Samsung 990 PRO 2TB"
10895,"ssds","Crucial","Crucial P3 500GB","Crucial P3 500GB"
10896,"ssds","Crucial","Crucial P3 1TB","Crucial P3 1TB"
10897,"ssds","Crucial","Crucial P5 Plus 1TB","Crucial P5 Plus 1TB"
10898,"ssds","Crucial","Crucial P5 Plus 2TB","Crucial P5 Plus 2TB"
10899,"ssds","WD","WD Blue SN570 500GB","WD Blue SN570 500GB"
10900,"ssds","WD","WD Blue SN570 1TB","WD Blue SN570 1TB"
10901,"ssds","WD","WD Black SN850X 1TB","WD Black SN850X 1TB"
10902,"ssds","WD","WD Black SN850X 2TB","WD Black SN850X 2TB"
10903,"ssds","Kingston","Kingston NV2 1TB","Kingston NV2 1TB"
10904,"ssds","Kingston","Kingston KC3000 1TB","Kingston KC3000 1TB"
10905,"ssds","Kingston","Kingston KC3000 2TB","Kingston KC3000 2TB"
10906,"ssds","Sabrent","Sabrent Rocket 4 Plus 1TB","Sabrent Rocket 4 Plus 1TB"
10907,"ssds","Sabrent","Sabrent Rocket 4 Plus 2TB","Sabrent Rocket 4 Plus 2TB"
10908,"ssds","Corsair","Corsair MP600 Pro LPX 1TB","Corsair MP600 Pro LPX 1TB"
10909,"ssds","Corsair","Corsair MP600 Pro XT 2TB","Corsair MP600 Pro XT 2TB"
10910,"ssds","Lexar","Lexar NM790 1TB","Lexar NM790 1TB"
10911,"ssds","Lexar","Lexar NM790 2TB","Lexar NM790 2TB"
10912,"ssds","TeamGroup","TeamGroup Cardea A440 1TB","TeamGroup Cardea A440 1TB"
10913,"ssds","TeamGroup","TeamGroup Cardea Z44L 2TB","TeamGroup Cardea Z44L 2TB"
10914,"ssds","ADATA","ADATA XPG Gammix S70 Blade 1TB","ADATA XPG Gammix S70 Blade 1TB"
10915,"ssds","ADATA","ADATA XPG Gammix S70 Blade 2TB","ADATA XPG Gammix S70 Blade 2TB"
10916,"ssds","Seagate","Seagate FireCuda 530 1TB","Seagate FireCuda 530 1TB"
10917,"ssds","Seagate","Seagate FireCuda 530 2TB","Seagate FireCuda 530 2TB"
10918,"ssds","Solidigm","Solidigm P44 Pro 1TB","Solidigm P44 Pro 1TB"
10919,"ssds","PNY","PNY CS3140 1TB","PNY CS3140 1TB"
10920,"ssds","Kioxia","Kioxia Exceria Pro 1TB","Kioxia Exceria Pro 1TB"
10921,"ssds","Samsung","Samsung 870 EVO 500GB","Samsung 870 EVO 500GB"
10922,"ssds","Samsung","Samsung 870 EVO 1TB","Samsung 870 EVO 1TB"
10923,"ssds","Samsung","Samsung 870 QVO 2TB","Samsung 870 QVO 2TB"
10924,"ssds","Crucial","Crucial MX500 1TB","Crucial MX500 1TB"
10925,"ssds","Crucial","Crucial BX500 1TB","Crucial BX500 1TB"
10926,"ssds","WD","WD Blue SA510 1TB","WD Blue SA510 1TB"
10927,"ssds","WD","WD Red SN700 1TB","WD Red SN700 1TB"
10928,"ssds","Kingston","Kingston A400 960GB","Kingston A400 960GB"
10929,"ssds","Kingston","Kingston KC600 1TB","Kingston KC600 1TB"
10930,"ssds","Corsair","Corsair MP700 2TB","Corsair MP700 2TB"
10931,"ssds","Corsair","Corsair MP700 Pro 2TB","Corsair MP700 Pro 2TB"
10932,"ssds","Lexar","Lexar NM710 1TB","Lexar NM710 1TB"
10933,"ssds","TeamGroup","TeamGroup MP44 2TB","TeamGroup MP44 2TB"
10934,"ssds","Solidigm","Solidigm P41 Plus 2TB","Solidigm P41 Plus 2TB"
10935,"ssds","PNY","PNY CS900 1TB","PNY CS900 1TB"
10936,"opticalDrives","ASUS","ASUS DRW-24D5MT","ASUS DRW-24D5MT"
10937,"opticalDrives","ASUS","ASUS DRW-24B1ST","ASUS DRW-24B1ST"
10938,"opticalDrives","ASUS","ASUS BW-16D1HT","ASUS BW-16D1HT"
10939,"opticalDrives","ASUS","ASUS ZenDrive U9M","ASUS ZenDrive U9M"
10940,"opticalDrives","ASUS","ASUS ZenDrive U7M","ASUS ZenDrive U7M"
10941,"opticalDrives","LG","LG GH24NSD1","LG GH24NSD1"
10942,"opticalDrives","LG","LG WH16NS40","LG WH16NS40"
10943,"opticalDrives","LG","LG GP65NB60","LG GP65NB60"
10944,"opticalDrives","LG","LG GP57EB40","LG GP57EB40"
10945,"opticalDrives","Pioneer","Pioneer BDR-212DBK","Pioneer BDR-212DBK"
10946,"opticalDrives","Pioneer","Pioneer BDR-2212","Pioneer BDR-2212"
10947,"opticalDrives","Pioneer","Pioneer DVR-S21WBK","Pioneer DVR-S21WBK"
10948,"opticalDrives","Samsung","Samsung SH-224DB","Samsung SH-224DB"
10949,"opticalDrives","Samsung","Samsung SE-218CB","Samsung SE-218CB"
10950,"opticalDrives","Lite-On","Lite-On iHAS124","Lite-On iHAS124"
10951,"opticalDrives","Lite-On","Lite-On iHAS324","Lite-On iHAS324"
10952,"opticalDrives","Lite-On","Lite-On iHAS524","Lite-On iHAS524"
10953,"opticalDrives","Buffalo","Buffalo BRXL-PC6U2","Buffalo BRXL-PC6U2"
10954,"opticalDrives","Buffalo","Buffalo DVSM-PLV8U2","Buffalo DVSM-PLV8U2"
10955,"opticalDrives","Dell","Dell DW316","Dell DW316"
10956,"opticalDrives","HP","HP External USB DVD Writer","HP External USB DVD Writer"
10957,"opticalDrives","Lenovo","Lenovo Slim DVD Writer","Lenovo Slim DVD Writer"
10958,"opticalDrives","Plextor","Plextor PX-891SAF","Plextor PX-891SAF"
10959,"opticalDrives","TEAC","TEAC DV-W28S-V","TEAC DV-W28S-V"
10960,"opticalDrives","Sony","Sony Optiarc AD-7280S","Sony Optiarc AD-7280S"
10961,"opticalDrives","Verbatim","Verbatim External Slimline CD/DVD","Verbatim External Slimline CD/DVD"
10962,"opticalDrives","Rioddas","Rioddas External DVD Drive","Rioddas External DVD Drive"
10963,"opticalDrives","Vantec","Vantec CB-ISATAU3","Vantec CB-ISATAU3"
10964,"opticalDrives","Sabrent","Sabrent USB 3.0 External DVD Drive","Sabrent USB 3.0 External DVD Drive"
10965,"opticalDrives","UGREEN","UGREEN External CD/DVD Drive","UGREEN External CD/DVD Drive"
10966,"opticalDrives","ASUS","ASUS SDRW-08D2S-U","ASUS SDRW-08D2S-U"
10967,"opticalDrives","LG","LG GP70NS50","LG GP70NS50"
10968,"opticalDrives","LG","LG GP60NB60","LG GP60NB60"
10969,"opticalDrives","Pioneer","Pioneer BDR-XD08S","Pioneer BDR-XD08S"
10970,"opticalDrives","Pioneer","Pioneer DVR-XU01T","Pioneer DVR-XU01T"
10971,"opticalDrives","Samsung","Samsung SE-506CB","Samsung SE-506CB"
10972,"opticalDrives","Lite-On","Lite-On eBAU108","Lite-On eBAU108"
10973,"opticalDrives","Buffalo","Buffalo DVSM-PT58U2V","Buffalo DVSM-PT58U2V"
10974,"opticalDrives","Dell","Dell DW316 Slim","Dell DW316 Slim"
10975,"opticalDrives","HP","HP F2B56AA","HP F2B56AA"
10976,"opticalDrives","Verbatim","Verbatim External Slimline Blu-ray Writer","Verbatim External Slimline Blu-ray Writer"
10977,"opticalDrives","Rioddas","Rioddas USB-C External DVD Drive","Rioddas USB-C External DVD Drive"
10978,"opticalDrives","Vantec","Vantec NST-530SU3-BK","Vantec NST-530SU3-BK"
10979,"opticalDrives","JMicron","JMicron USB Optical Drive","JMicron USB Optical Drive"
10980,"opticalDrives","Acer","Acer External DVD Burner","Acer External DVD Burner"
10981,"cpuAirCoolers","Noctua","Noctua NH-D15","Noctua NH-D15"
10982,"cpuAirCoolers","Noctua","Noctua NH-U12S redux","Noctua NH-U12S redux"
10983,"cpuAirCoolers","Noctua","Noctua NH-U12A","Noctua NH-U12A"
10984,"cpuAirCoolers","Noctua","Noctua NH-L9x65","Noctua NH-L9x65"
10985,"cpuAirCoolers","be","be quiet! Dark Rock Pro 5","be quiet! Dark Rock Pro 5"
10986,"cpuAirCoolers","be","be quiet! Dark Rock Elite","be quiet! Dark Rock Elite"
10987,"cpuAirCoolers","be","be quiet! Pure Rock 2 FX","be quiet! Pure Rock 2 FX"
10988,"cpuAirCoolers","be","be quiet! Pure Rock Slim 2","be quiet! Pure Rock Slim 2"
10989,"cpuAirCoolers","DeepCool","DeepCool AK400","DeepCool AK400"
10990,"cpuAirCoolers","DeepCool","DeepCool AK620","DeepCool AK620"
10991,"cpuAirCoolers","DeepCool","DeepCool AG620","DeepCool AG620"
10992,"cpuAirCoolers","DeepCool","DeepCool Assassin IV","DeepCool Assassin IV"
10993,"cpuAirCoolers","Thermalright","Thermalright Peerless Assassin 120 SE","Thermalright Peerless Assassin 120 SE"
10994,"cpuAirCoolers","Thermalright","Thermalright Phantom Spirit 120 SE","Thermalright Phantom Spirit 120 SE"
10995,"cpuAirCoolers","Thermalright","Thermalright Frost Commander 140","Thermalright Frost Commander 140"
10996,"cpuAirCoolers","ID-COOLING","ID-COOLING SE-226-XT","ID-COOLING SE-226-XT"
10997,"cpuAirCoolers","ID-COOLING","ID-COOLING SE-224-XTS","ID-COOLING SE-224-XTS"
10998,"cpuAirCoolers","Scythe","Scythe Fuma 3","Scythe Fuma 3"
10999,"cpuAirCoolers","Scythe","Scythe Mugen 5 Rev. C","Scythe Mugen 5 Rev. C"
11000,"cpuAirCoolers","ARCTIC","ARCTIC Freezer 36","ARCTIC Freezer 36"
11001,"cpuAirCoolers","ARCTIC","ARCTIC Freezer 34 eSports DUO","ARCTIC Freezer 34 eSports DUO"
11002,"cpuAirCoolers","Cooler","Cooler Master Hyper 212 Halo","Cooler Master Hyper 212 Halo"
11003,"cpuAirCoolers","Cooler","Cooler Master Hyper 622 Halo","Cooler Master Hyper 622 Halo"
11004,"cpuAirCoolers","Cooler","Cooler Master MA612 Stealth","Cooler Master MA612 Stealth"
11005,"cpuAirCoolers","Cryorig","Cryorig H7 Plus","Cryorig H7 Plus"
11006,"cpuAirCoolers","Jonsbo","Jonsbo CR-1400","Jonsbo CR-1400"
11007,"cpuAirCoolers","Jonsbo","Jonsbo HX6280","Jonsbo HX6280"
11008,"cpuAirCoolers","Zalman","Zalman CNPS10X Performa","Zalman CNPS10X Performa"
11009,"cpuAirCoolers","SilverStone","SilverStone Argon AR12","SilverStone Argon AR12"
11010,"cpuAirCoolers","Xigmatek","Xigmatek Air Killer Pro","Xigmatek Air Killer Pro"
11011,"cpuAirCoolers","Noctua","Noctua NH-D15 G2","Noctua NH-D15 G2"
11012,"cpuAirCoolers","Noctua","Noctua NH-U9S","Noctua NH-U9S"
11013,"cpuAirCoolers","be","be quiet! Shadow Rock 3","be quiet! Shadow Rock 3"
11014,"cpuAirCoolers","be","be quiet! Pure Rock 3","be quiet! Pure Rock 3"
11015,"cpuAirCoolers","DeepCool","DeepCool AK500","DeepCool AK500"
11016,"cpuAirCoolers","DeepCool","DeepCool AK500 WH","DeepCool AK500 WH"
11017,"cpuAirCoolers","Thermalright","Thermalright Assassin X 120 Refined SE","Thermalright Assassin X 120 Refined SE"
11018,"cpuAirCoolers","Thermalright","Thermalright Burst Assassin 120","Thermalright Burst Assassin 120"
11019,"cpuAirCoolers","ARCTIC","ARCTIC Freezer 4U-M","ARCTIC Freezer 4U-M"
11020,"cpuAirCoolers","ID-COOLING","ID-COOLING SE-207-XT","ID-COOLING SE-207-XT"
11021,"cpuAirCoolers","ID-COOLING","ID-COOLING FROZN A720","ID-COOLING FROZN A720"
11022,"cpuAirCoolers","Scythe","Scythe Ninja 5","Scythe Ninja 5"
11023,"cpuAirCoolers","Scythe","Scythe Kotetsu Mark III","Scythe Kotetsu Mark III"
11024,"cpuAirCoolers","Cooler","Cooler Master Hyper 622 Halo White","Cooler Master Hyper 622 Halo White"
11025,"cpuAirCoolers","Jonsbo","Jonsbo HX7280","Jonsbo HX7280"
11026,"cpuLiquidCoolers","Corsair","Corsair iCUE H100i Elite Capellix XT","Corsair iCUE H100i Elite Capellix XT"
11027,"cpuLiquidCoolers","Corsair","Corsair iCUE H150i Elite LCD XT","Corsair iCUE H150i Elite LCD XT"
11028,"cpuLiquidCoolers","Corsair","Corsair iCUE H170i Elite LCD XT","Corsair iCUE H170i Elite LCD XT"
11029,"cpuLiquidCoolers","NZXT","NZXT Kraken 240","NZXT Kraken 240"
11030,"cpuLiquidCoolers","NZXT","NZXT Kraken 280","NZXT Kraken 280"
11031,"cpuLiquidCoolers","NZXT","NZXT Kraken 360","NZXT Kraken 360"
11032,"cpuLiquidCoolers","ARCTIC","ARCTIC Liquid Freezer III 240","ARCTIC Liquid Freezer III 240"
11033,"cpuLiquidCoolers","ARCTIC","ARCTIC Liquid Freezer III 280","ARCTIC Liquid Freezer III 280"
11034,"cpuLiquidCoolers","ARCTIC","ARCTIC Liquid Freezer III 360","ARCTIC Liquid Freezer III 360"
11035,"cpuLiquidCoolers","DeepCool","DeepCool LS520 SE","DeepCool LS520 SE"
11036,"cpuLiquidCoolers","DeepCool","DeepCool LS720","DeepCool LS720"
11037,"cpuLiquidCoolers","DeepCool","DeepCool LS720S ZERO DARK","DeepCool LS720S ZERO DARK"
11038,"cpuLiquidCoolers","Lian","Lian Li Galahad II Trinity 240","Lian Li Galahad II Trinity 240"
11039,"cpuLiquidCoolers","Lian","Lian Li Galahad II Trinity 280","Lian Li Galahad II Trinity 280"
11040,"cpuLiquidCoolers","Lian","Lian Li Galahad II Trinity 360","Lian Li Galahad II Trinity 360"
11041,"cpuLiquidCoolers","be","be quiet! Pure Loop 2 FX 240","be quiet! Pure Loop 2 FX 240"
11042,"cpuLiquidCoolers","be","be quiet! Pure Loop 2 FX 280","be quiet! Pure Loop 2 FX 280"
11043,"cpuLiquidCoolers","Thermalright","Thermalright Frozen Prism 240","Thermalright Frozen Prism 240"
11044,"cpuLiquidCoolers","Thermalright","Thermalright Frozen Notte 360","Thermalright Frozen Notte 360"
11045,"cpuLiquidCoolers","Cooler","Cooler Master MasterLiquid 240L Core","Cooler Master MasterLiquid 240L Core"
11046,"cpuLiquidCoolers","Cooler","Cooler Master MasterLiquid 360L Core","Cooler Master MasterLiquid 360L Core"
11047,"cpuLiquidCoolers","MSI","MSI MAG CORELIQUID E240","MSI MAG CORELIQUID E240"
11048,"cpuLiquidCoolers","MSI","MSI MAG CORELIQUID E360","MSI MAG CORELIQUID E360"
11049,"cpuLiquidCoolers","ASUS","ASUS ROG Ryujin III 240","ASUS ROG Ryujin III 240"
11050,"cpuLiquidCoolers","ASUS","ASUS ROG Ryujin III 360","ASUS ROG Ryujin III 360"
11051,"cpuLiquidCoolers","EK","EK Nucleus AIO CR240","EK Nucleus AIO CR240"
11052,"cpuLiquidCoolers","EK","EK Nucleus AIO CR360","EK Nucleus AIO CR360"
11053,"cpuLiquidCoolers","ID-COOLING","ID-COOLING FROSTFLOW X 240","ID-COOLING FROSTFLOW X 240"
11054,"cpuLiquidCoolers","Thermaltake","Thermaltake Toughliquid 240","Thermaltake Toughliquid 240"
11055,"cpuLiquidCoolers","Thermaltake","Thermaltake TH360 ARGB Sync","Thermaltake TH360 ARGB Sync"
11056,"cpuLiquidCoolers","Corsair","Corsair Nautilus 240 RS","Corsair Nautilus 240 RS"
11057,"cpuLiquidCoolers","Corsair","Corsair Nautilus 360 RS","Corsair Nautilus 360 RS"
11058,"cpuLiquidCoolers","NZXT","NZXT Kraken Elite 240","NZXT Kraken Elite 240"
11059,"cpuLiquidCoolers","NZXT","NZXT Kraken Elite 360","NZXT Kraken Elite 360"
11060,"cpuLiquidCoolers","ARCTIC","ARCTIC Liquid Freezer III 420","ARCTIC Liquid Freezer III 420"
11061,"cpuLiquidCoolers","DeepCool","DeepCool LT520","DeepCool LT520"
11062,"cpuLiquidCoolers","DeepCool","DeepCool LT720","DeepCool LT720"
11063,"cpuLiquidCoolers","Lian","Lian Li HydroShift LCD 360R","Lian Li HydroShift LCD 360R"
11064,"cpuLiquidCoolers","Lian","Lian Li HydroShift LCD 240R","Lian Li HydroShift LCD 240R"
11065,"cpuLiquidCoolers","be","be quiet! Silent Loop 2 240","be quiet! Silent Loop 2 240"
11066,"cpuLiquidCoolers","be","be quiet! Silent Loop 2 360","be quiet! Silent Loop 2 360"
11067,"cpuLiquidCoolers","MSI","MSI MPG CORELIQUID K360","MSI MPG CORELIQUID K360"
11068,"cpuLiquidCoolers","ASUS","ASUS ROG Strix LC II 360 ARGB","ASUS ROG Strix LC II 360 ARGB"
11069,"cpuLiquidCoolers","EK","EK Nucleus AIO CR360 Lux D-RGB","EK Nucleus AIO CR360 Lux D-RGB"
11070,"cpuLiquidCoolers","Thermaltake","Thermaltake TH240 ARGB Sync","Thermaltake TH240 ARGB Sync"
11071,"monitors","Dell","Dell S2721DGF","Dell S2721DGF"
11072,"monitors","Dell","Dell G2724D","Dell G2724D"
11073,"monitors","Dell","Dell U2723QE","Dell U2723QE"
11074,"monitors","LG","LG 27GP850-B","LG 27GP850-B"
11075,"monitors","LG","LG 32GP850-B","LG 32GP850-B"
11076,"monitors","Samsung","Samsung Odyssey G5 27","Samsung Odyssey G5 27"
11077,"monitors","Samsung","Samsung Odyssey G7 32","Samsung Odyssey G7 32"
11078,"monitors","ASUS","ASUS TUF Gaming VG27AQ","ASUS TUF Gaming VG27AQ"
11079,"monitors","ASUS","ASUS TUF Gaming VG279QM","ASUS TUF Gaming VG279QM"
11080,"monitors","ASUS","ASUS ROG Swift PG27AQDM","ASUS ROG Swift PG27AQDM"
11081,"monitors","ASUS","ASUS ProArt Display PA278QV","ASUS ProArt Display PA278QV"
11082,"monitors","Acer","Acer Nitro XV272U","Acer Nitro XV272U"
11083,"monitors","Acer","Acer Nitro XV272U Vbmiiprzx","Acer Nitro XV272U Vbmiiprzx"
11084,"monitors","MSI","MSI G274QPF-QD","MSI G274QPF-QD"
11085,"monitors","MSI","MSI MAG 274QRF-QD","MSI MAG 274QRF-QD"
11086,"monitors","Gigabyte","Gigabyte M27Q","Gigabyte M27Q"
11087,"monitors","Gigabyte","Gigabyte M27Q-X","Gigabyte M27Q-X"
11088,"monitors","BenQ","BenQ PD2705Q","BenQ PD2705Q"
11089,"monitors","BenQ","BenQ PD3220U","BenQ PD3220U"
11090,"monitors","ViewSonic","ViewSonic XG2431","ViewSonic XG2431"
11091,"monitors","ViewSonic","ViewSonic XG270QG","ViewSonic XG270QG"
11092,"monitors","HP","HP Omen 27q","HP Omen 27q"
11093,"monitors","HP","HP Omen 27u","HP Omen 27u"
11094,"monitors","AOC","AOC CQ32G2SE","AOC CQ32G2SE"
11095,"monitors","AOC","AOC CQ27G3S","AOC CQ27G3S"
11096,"monitors","Philips","Philips 275M1RZ","Philips 275M1RZ"
11097,"monitors","Lenovo","Lenovo Legion Y27q-20","Lenovo Legion Y27q-20"
11098,"monitors","Alienware","Alienware AW2723DF","Alienware AW2723DF"
11099,"monitors","Alienware","Alienware AW3423DWF","Alienware AW3423DWF"
11100,"monitors","Samsung","Samsung Smart Monitor M8","Samsung Smart Monitor M8"
11101,"monitors","Dell","Dell S3222DGM","Dell S3222DGM"
11102,"monitors","Dell","Dell U3223QE","Dell U3223QE"
11103,"monitors","LG","LG 34GN850-B","LG 34GN850-B"
11104,"monitors","LG","LG 29WQ600-W","LG 29WQ600-W"
11105,"monitors","Samsung","Samsung Odyssey OLED G9","Samsung Odyssey OLED G9"
11106,"monitors","ASUS","ASUS ROG Swift PG32UQX","ASUS ROG Swift PG32UQX"
11107,"monitors","ASUS","ASUS ProArt Display PA329CV","ASUS ProArt Display PA329CV"
11108,"monitors","Acer","Acer Predator XB273U GX","Acer Predator XB273U GX"
11109,"monitors","MSI","MSI MPG 321URX QD-OLED","MSI MPG 321URX QD-OLED"
11110,"monitors","Gigabyte","Gigabyte M32U","Gigabyte M32U"
11111,"monitors","BenQ","BenQ EX3415R","BenQ EX3415R"
11112,"monitors","ViewSonic","ViewSonic VX3276-4K-MHD","ViewSonic VX3276-4K-MHD"
11113,"monitors","HP","HP Z27k G3","HP Z27k G3"
11114,"monitors","Lenovo","Lenovo Legion R27qe","Lenovo Legion R27qe"
11115,"monitors","Philips","Philips 329P1H","Philips 329P1H"
11116,"keyboards","Logitech","Logitech MX Keys S","Logitech MX Keys S"
11117,"keyboards","Logitech","Logitech MX Mechanical","Logitech MX Mechanical"
11118,"keyboards","Logitech","Logitech G915 TKL","Logitech G915 TKL"
11119,"keyboards","Logitech","Logitech G Pro X TKL","Logitech G Pro X TKL"
11120,"keyboards","Razer","Razer BlackWidow V4 Pro","Razer BlackWidow V4 Pro"
11121,"keyboards","Razer","Razer BlackWidow V3 Mini HyperSpeed","Razer BlackWidow V3 Mini HyperSpeed"
11122,"keyboards","Razer","Razer Huntsman V3 Pro","Razer Huntsman V3 Pro"
11123,"keyboards","Razer","Razer Cynosa V2","Razer Cynosa V2"
11124,"keyboards","Corsair","Corsair K70 RGB PRO","Corsair K70 RGB PRO"
11125,"keyboards","Corsair","Corsair K65 RGB MINI","Corsair K65 RGB MINI"
11126,"keyboards","Corsair","Corsair K100 AIR","Corsair K100 AIR"
11127,"keyboards","Corsair","Corsair K95 RGB PLATINUM XT","Corsair K95 RGB PLATINUM XT"
11128,"keyboards","Keychron","Keychron K2","Keychron K2"
11129,"keyboards","Keychron","Keychron K4","Keychron K4"
11130,"keyboards","Keychron","Keychron K8 Pro","Keychron K8 Pro"
11131,"keyboards","Keychron","Keychron Q1 Pro","Keychron Q1 Pro"
11132,"keyboards","Keychron","Keychron Q6 Pro","Keychron Q6 Pro"
11133,"keyboards","Varmilo","Varmilo VA87M","Varmilo VA87M"
11134,"keyboards","Ducky","Ducky One 3 SF","Ducky One 3 SF"
11135,"keyboards","Ducky","Ducky One 3 TKL","Ducky One 3 TKL"
11136,"keyboards","SteelSeries","SteelSeries Apex Pro TKL","SteelSeries Apex Pro TKL"
11137,"keyboards","SteelSeries","SteelSeries Apex 7","SteelSeries Apex 7"
11138,"keyboards","ASUS","ASUS ROG Strix Scope II 96","ASUS ROG Strix Scope II 96"
11139,"keyboards","ASUS","ASUS TUF Gaming K3","ASUS TUF Gaming K3"
11140,"keyboards","HyperX","HyperX Alloy Origins","HyperX Alloy Origins"
11141,"keyboards","HyperX","HyperX Alloy Elite 2","HyperX Alloy Elite 2"
11142,"keyboards","Glorious","Glorious GMMK 2","Glorious GMMK 2"
11143,"keyboards","Akko","Akko 3068B Plus","Akko 3068B Plus"
11144,"keyboards","NuPhy","NuPhy Air75","NuPhy Air75"
11145,"keyboards","Royal","Royal Kludge RK84","Royal Kludge RK84"
11146,"keyboards","Logitech","Logitech G413 SE","Logitech G413 SE"
11147,"keyboards","Logitech","Logitech G715","Logitech G715"
11148,"keyboards","Logitech","Logitech POP Keys","Logitech POP Keys"
11149,"keyboards","Razer","Razer Ornata V3","Razer Ornata V3"
11150,"keyboards","Razer","Razer Pro Type Ultra","Razer Pro Type Ultra"
11151,"keyboards","Corsair","Corsair K55 RGB PRO","Corsair K55 RGB PRO"
11152,"keyboards","Corsair","Corsair K70 CORE","Corsair K70 CORE"
11153,"keyboards","Keychron","Keychron K10 Pro","Keychron K10 Pro"
11154,"keyboards","Keychron","Keychron Q60 Max","Keychron Q60 Max"
11155,"keyboards","Varmilo","Varmilo Muse65","Varmilo Muse65"
11156,"keyboards","Ducky","Ducky One 2 Mini","Ducky One 2 Mini"
11157,"keyboards","SteelSeries","SteelSeries Apex 3 TKL","SteelSeries Apex 3 TKL"
11158,"keyboards","ASUS","ASUS ROG Azoth","ASUS ROG Azoth"
11159,"keyboards","HyperX","HyperX Alloy Rise","HyperX Alloy Rise"
11160,"keyboards","Akko","Akko 5108B Plus","Akko 5108B Plus"
11161,"mice","Logitech","Logitech G Pro X Superlight 2","Logitech G Pro X Superlight 2"
11162,"mice","Logitech","Logitech G502 X Plus","Logitech G502 X Plus"
11163,"mice","Logitech","Logitech G305 Lightspeed","Logitech G305 Lightspeed"
11164,"mice","Logitech","Logitech MX Master 3S","Logitech MX Master 3S"
11165,"mice","Razer","Razer DeathAdder V3 Pro","Razer DeathAdder V3 Pro"
11166,"mice","Razer","Razer Viper V2 Pro","Razer Viper V2 Pro"
11167,"mice","Razer","Razer Basilisk V3 Pro","Razer Basilisk V3 Pro"
11168,"mice","Razer","Razer Cobra Pro","Razer Cobra Pro"
11169,"mice","Corsair","Corsair Dark Core RGB Pro SE","Corsair Dark Core RGB Pro SE"
11170,"mice","Corsair","Corsair Harpoon RGB Wireless","Corsair Harpoon RGB Wireless"
11171,"mice","Corsair","Corsair Ironclaw RGB Wireless","Corsair Ironclaw RGB Wireless"
11172,"mice","Corsair","Corsair Scimitar RGB Elite","Corsair Scimitar RGB Elite"
11173,"mice","SteelSeries","SteelSeries Aerox 5 Wireless","SteelSeries Aerox 5 Wireless"
11174,"mice","SteelSeries","SteelSeries Aerox 3 Wireless","SteelSeries Aerox 3 Wireless"
11175,"mice","SteelSeries","SteelSeries Rival 5","SteelSeries Rival 5"
11176,"mice","SteelSeries","SteelSeries Rival 650 Wireless","SteelSeries Rival 650 Wireless"
11177,"mice","Glorious","Glorious Model O 2 Wireless","Glorious Model O 2 Wireless"
11178,"mice","Glorious","Glorious Model D 2 Wireless","Glorious Model D 2 Wireless"
11179,"mice","Glorious","Glorious Model I 2 Wireless","Glorious Model I 2 Wireless"
11180,"mice","ASUS","ASUS ROG Keris II Ace","ASUS ROG Keris II Ace"
11181,"mice","ASUS","ASUS ROG Gladius III Wireless AimPoint","ASUS ROG Gladius III Wireless AimPoint"
11182,"mice","ASUS","ASUS ROG Chakram X Origin","ASUS ROG Chakram X Origin"
11183,"mice","HyperX","HyperX Pulsefire Haste 2 Wireless","HyperX Pulsefire Haste 2 Wireless"
11184,"mice","HyperX","HyperX Pulsefire Surge","HyperX Pulsefire Surge"
11185,"mice","Microsoft","Microsoft Classic IntelliMouse","Microsoft Classic IntelliMouse"
11186,"mice","Lenovo","Lenovo Legion M600s","Lenovo Legion M600s"
11187,"mice","Finalmouse","Finalmouse UltralightX","Finalmouse UltralightX"
11188,"mice","Lamzu","Lamzu Atlantis Mini Pro","Lamzu Atlantis Mini Pro"
11189,"mice","Pulsar","Pulsar X2V2","Pulsar X2V2"
11190,"mice","Endgame","Endgame Gear XM2we","Endgame Gear XM2we"
11191,"mice","Logitech","Logitech G203 Lightsync","Logitech G203 Lightsync"
11192,"mice","Logitech","Logitech G903 Lightspeed","Logitech G903 Lightspeed"
11193,"mice","Razer","Razer Naga V2 Pro","Razer Naga V2 Pro"
11194,"mice","Razer","Razer Cobra","Razer Cobra"
11195,"mice","Corsair","Corsair M65 RGB Ultra","Corsair M65 RGB Ultra"
11196,"mice","Corsair","Corsair Katar Elite Wireless","Corsair Katar Elite Wireless"
11197,"mice","SteelSeries","SteelSeries Prime Wireless","SteelSeries Prime Wireless"
11198,"mice","SteelSeries","SteelSeries Sensei Ten","SteelSeries Sensei Ten"
11199,"mice","Glorious","Glorious Model O 2","Glorious Model O 2"
11200,"mice","Glorious","Glorious Model D 2","Glorious Model D 2"
11201,"mice","HyperX","HyperX Pulsefire Dart","HyperX Pulsefire Dart"
11202,"mice","ASUS","ASUS ROG Harpe Ace Aim Lab Edition","ASUS ROG Harpe Ace Aim Lab Edition"
11203,"mice","Lenovo","Lenovo Legion M300s RGB","Lenovo Legion M300s RGB"
11204,"mice","Pulsar","Pulsar Xlite V3","Pulsar Xlite V3"
11205,"mice","Finalmouse","Finalmouse Starlight-12","Finalmouse Starlight-12"
11206,"operatingSystems","Windows","Windows 11 Home","Windows 11 Home"
11207,"operatingSystems","Windows","Windows 11 Pro","Windows 11 Pro"
11208,"operatingSystems","Windows","Windows 11 Education","Windows 11 Education"
11209,"operatingSystems","Windows","Windows 11 Enterprise","Windows 11 Enterprise"
11210,"operatingSystems","Windows","Windows 11 Pro for Workstations","Windows 11 Pro for Workstations"
11211,"operatingSystems","Windows","Windows 11 IoT Enterprise","Windows 11 IoT Enterprise"
11212,"operatingSystems","Windows","Windows 10 Home","Windows 10 Home"
11213,"operatingSystems","Windows","Windows 10 Pro","Windows 10 Pro"
11214,"operatingSystems","Windows","Windows 10 Education","Windows 10 Education"
11215,"operatingSystems","Windows","Windows 10 Enterprise","Windows 10 Enterprise"
11216,"operatingSystems","Windows","Windows 10 LTSC 2021","Windows 10 LTSC 2021"
11217,"operatingSystems","Windows","Windows Server 2022 Standard","Windows Server 2022 Standard"
11218,"operatingSystems","Windows","Windows Server 2022 Datacenter","Windows Server 2022 Datacenter"
11219,"operatingSystems","Ubuntu","Ubuntu Desktop 24.04 LTS","Ubuntu Desktop 24.04 LTS"
11220,"operatingSystems","Ubuntu","Ubuntu Desktop 22.04 LTS","Ubuntu Desktop 22.04 LTS"
11221,"operatingSystems","Kubuntu","Kubuntu 24.04 LTS","Kubuntu 24.04 LTS"
11222,"operatingSystems","Linux","Linux Mint 22 Cinnamon","Linux Mint 22 Cinnamon"
11223,"operatingSystems","Fedora","Fedora Workstation 40","Fedora Workstation 40"
11224,"operatingSystems","Fedora","Fedora Silverblue 40","Fedora Silverblue 40"
11225,"operatingSystems","Debian","Debian 12","Debian 12"
11226,"operatingSystems","openSUSE","openSUSE Tumbleweed","openSUSE Tumbleweed"
11227,"operatingSystems","openSUSE","openSUSE Leap 15.6","openSUSE Leap 15.6"
11228,"operatingSystems","Arch","Arch Linux","Arch Linux"
11229,"operatingSystems","Manjaro","Manjaro KDE","Manjaro KDE"
11230,"operatingSystems","Pop!_OS","Pop!_OS 22.04","Pop!_OS 22.04"
11231,"operatingSystems","Zorin","Zorin OS 17","Zorin OS 17"
11232,"operatingSystems","elementary","elementary OS 8","elementary OS 8"
11233,"operatingSystems","ChromeOS","ChromeOS Flex","ChromeOS Flex"
11234,"operatingSystems","FreeBSD","FreeBSD 14.1","FreeBSD 14.1"
11235,"operatingSystems","Proxmox","Proxmox VE 8","Proxmox VE 8"
11236,"operatingSystems","Windows","Windows 8.1 Pro","Windows 8.1 Pro"
11237,"operatingSystems","Windows","Windows 7 Professional","Windows 7 Professional"
11238,"operatingSystems","Ubuntu","Ubuntu Server 24.04 LTS","Ubuntu Server 24.04 LTS"
11239,"operatingSystems","Debian","Debian 13 Trixie","Debian 13 Trixie"
11240,"operatingSystems","Fedora","Fedora Server 40","Fedora Server 40"
11241,"operatingSystems","openSUSE","openSUSE Aeon","openSUSE Aeon"
11242,"operatingSystems","Pop!_OS","Pop!_OS 24.04","Pop!_OS 24.04"
11243,"operatingSystems","Manjaro","Manjaro GNOME","Manjaro GNOME"
11244,"operatingSystems","KDE","KDE neon User Edition","KDE neon User Edition"
11245,"operatingSystems","NixOS","NixOS 24.05","NixOS 24.05"
11246,"operatingSystems","Oracle","Oracle Linux 9","Oracle Linux 9"
11247,"operatingSystems","Rocky","Rocky Linux 9","Rocky Linux 9"
11248,"operatingSystems","AlmaLinux","AlmaLinux 9","AlmaLinux 9"
11249,"operatingSystems","Red","Red Hat Enterprise Linux 9","Red Hat Enterprise Linux 9"
11250,"operatingSystems","TrueNAS","TrueNAS SCALE","TrueNAS SCALE"
